judul,penerbit,tahun_terbit,tempat_terbit,pengarang,kategori,prediksi
Ensiklopedia Muhammad : Muhammad Sebagai Suami dan Ayah,Pelangi Mizan,2015,Bandung,Afzalur Rahman,AGAMA,agama
Ensiklopedia Tokoh Muslim : potret perjalanan hidup muslim terkemuka dari zaman klasik hingga kontemporer,Salemba Empat,2010,Jakarta,Suhartono RudyIlyas Wirawan B,AGAMA,agama
Fikih Wanita: panduan ibadah wanita lengkap & praktis,Dian Rakyat,2006,Jakarta,Rosmanto,AGAMA,kebidanan
Goresan Penaku : Oase di Tengah Teriknya Sahara Kehidupan,Politeknik Harapan Bersama Tegal,2020,Tegal,Miftakhul Huda M KomAhmad Maulana S KomIlham M YusufMoh  Syaeful AnamSusilo Budi Utomo,AGAMA,laporan pkm
Gue Cinta Rasul,Politeknik Harapan Bersama Tegal,2017,Tegal,Indrawati Gina PujiKhuriyah KhikmatulIrawan Pudja Harjana STIda Afriliana ST M Kom,AGAMA,mesin
Hakekat Takut dan Harapan,Komunitas Sastrawan Tegalan,2019,Tegal,Setiawan Lanang,AGAMA,textbook
Inilah Alasan Rasullah SAW Menganjurkan Puasa Sunah,Politeknik Harapan Bersama Tegal,2014,Tegal,Ady Ragil Sapto,AGAMA,laporan kp
Install Ulang Sholatmu,Politeknik Harapan Bersama Tegal,2018,Tegal,Arfan Haqiqi Sulasmoro M KomChomarulloh Moh IchamRamadhani Aji Nur Zahrun,AGAMA,manajemen & bisnis
ISLAM,POM,2008,Jakarta,POM,AGAMA,referensi
"Kalau Udah Cocok, Lanjutin Aja! : kriteria cowok shalih yang layak jadi imammu",Politeknik Harapan Bersama Tegal,2018,Tegal,Much  Sobri Sungkar M KomMuh  Nana Aviciena S PdBarokah Amin,AGAMA,manajemen & bisnis
Business A Changing World Ninth Edition,McGraw Hill,2011,New York,O C  FerrellHirt Geoffrey A Ferrell Linda,AKUNTANSI,perhotelan
Business Economics And Managerial Decision Making : aplikasi teori ekonomi dan pengambilan keputusan manajerial dalam dunia bisnis,McGraw-Hill,2014,New York,Hirt Geoffrey A Ferrell LindaO C Ferrell,AKUNTANSI,manajemen & bisnis
Business Research Methods Twelfth Edition,PT Remaja Rosdakarya,2017,Jakarta,Yudi Pramudiana,AKUNTANSI,akuntansi
Cara Mudah Belajar Akuntansi Edisi 2 Buku 1,Politeknik Harapan Bersama Tegal,2018,Tegal,Eko Budihartono ST M KomShintia Aristia AnggiaGunandi Akhmad Syafi'iSyarifudin Dayu Alif,AKUNTANSI,akuntansi
Cara Mudah Membuat Pembukuan Sederhana,Elex Media Komputindo,2018,Jakarta,Ismayani Ani,AKUNTANSI,komputer
Cara mudah menghitung pajak penghasilan anda,PT. Grasindo,2017,Jakarta,Hery,AKUNTANSI,umum
Cata mudah Menghitung PPh Badan dengan Undang-Undang,Karisma Publishing Group,2012,Jakarta,Toy Eugene C ,AKUNTANSI,referensi
Ciptakan Mesin Uangmu: step by step memulai bisnismu sendiri,Media Pressindo,2012,Yogyakarta,Maya Sophie,AKUNTANSI,informatika
Computer Accounting With Quickbooks 2011,Graha Ilmu,2013,Yogyakarta,Hendriati Lucia,AKUNTANSI,akuntansi
Consumer Behavior : building marketing strategy (Twelfth Edition),Cakrawala Ilmu,2018,Jakarta,Imam Baehaqi,AKUNTANSI,manajemen & bisnis
Consumer Behavior : perilaku konsumen dan strategi pemasaran (Edisi 4 Jilid 2),FEB Univeritas Indonesia,2015,Indonesia,FEB Universitas Indonesia,AKUNTANSI,farmasi
Sehari mahir berbahasa Jepang,Penerbit ITB,2015,Bandung,Agoes Goeswin,Textbook,agama
Sehari mahir berbahasa Jerman,Pustaka Pelajar,2013,Yogyakarta,Fudholi AchmadHadisoewignyo Lannie,Textbook,umum
Simple fun and easy : Percakapan Bahasa Korea,Elex Media Komputindo,2013,Jakarta,Aditya Salman,Textbook,komputer
Simple fun and easy : Percakapan Bahasa Mandarin,PT. Gramedia Pustaka Utama,2007,Jakarta,Kartajaya Hermawan,Textbook,referensi
Smart and simple memahami tenses,Politeknik Harapan bersama,2021,Tegal,apt  Rizki Febriyanti M FarmWilda Amananti S Pd  M SiAmalia Nur Hidayah,Textbook,perhotelan
Sosiolinguistik dalam pengajaran bahasa berbasis multikultural: teori dan praktik penelitian,Politeknik Harapan Bersama Tegal,2016,Tegal,Kartiko MuhammadM  WiyugoMurniati SriAmaliani Syifa Novia,Textbook,informatika
Ayah ... : kisah Buya Hamka,Arcan,2006,Jakarta,Gomez Joan,Textbook,fiksi
BJ Habibie,Erlangga,2007,Jakarta,Griffin Ricky W Ebert Ronald J ,Textbook,akuntansi
Cerita Azra,Kanisius,2011,Yogyakarta,Wijoyo Yosef,Textbook,referensi
Harus Bisa ! Seni Memimpin Ala SBY,Komunitas Sastrawan Tegaan,2019,Tegal,Setiawan Lanang,Textbook,textbook
Kelistrikan Industri,Politeknik Harapan Bersama Tegal,2019,Tegal,Aldi Budi Riyanta S Si MTAnggy Rima Putri M Farm AptKhasanah Mamnun,ELEKTRONIKA,laporan pkm
Kendali Sistem Tenaga Listrik dengan Matlab,Rapha Publishing,2016,Yogyakarta,Riksani Ria,ELEKTRONIKA,elektronika
Keterampilan Kejuruan Teknik Elektronika,Pustaka Baru Press,2019,Yogyakarta,Fitriana YuniAndriyani Ari,ELEKTRONIKA,elektronika
Keterampilan Kejuruan Teknik Listrik,Trans Info Media,2014,Jakarta,Elmeida Ika FitriaFirdaus Siska,ELEKTRONIKA,kebidanan
Komunikasi Elektronika,salemba Medika,2009,Jakarta,Yulifah RitaYuswanto Tri Johan Agus,ELEKTRONIKA,umum
Komunikasi Elektronika Ed.3 Jil.2,Nuha Medika,2009,Yogyakarta,Wulandari Diah,ELEKTRONIKA,farmasi
Konsep Dasar Teknik Elektronika kelistrikan,Parama Ilmu,2017,Jakarta,Ngalimun,ELEKTRONIKA,elektronika
Listrik Magnet Penyelesaian Soal-soal,maxikom,2005,Palembang,Chandra,ELEKTRONIKA,teknik
Medan Elektromagnetik : teori dan contoh soal,Maxicom,2004,Palembang,Alkaff M Firdaus,ELEKTRONIKA,komputer
Medan elektromagnetika,Andi,2017,Yogyakarta,R H  Sianipar,ELEKTRONIKA,mesin
Medan Elektromagnetika Terapan,Andi,2017,Yogyakarta,R H  Sianipar,ELEKTRONIKA,mesin
Dasar-dasar Mikrobiologi Makanan di Bidang Gizi & Kesehatan,PT. Grasindo,2009,Jakarta,Sugiono AriefPambudi Rilo,FARMASI,kesehatan
Dasar-dasar Pengobatan Cina,BPFE,2011,Yogyakarta,Riyanto Bambang,FARMASI,akuntansi
Desain Molekul BIOGETIKAHP : Obat Khasiat Ganda sebagai Antibiotika dan Analgetika,Politeknik Harapan Bersama Tegal,2018,Tegal,M Taufik Qurrohman M PdAndre Budhi Hendrawan STRasyid H Abdurrahman,FARMASI,laporan pkm
Disolusi & Pelepasan Obat in Vitro,Pyramedia,2010,Yogyakarta,Alifah Umi,FARMASI,farmasi
DOI Data Obat di Indonesia,Andi,2016,Yogyakarta,Utomo Eko Priyo,FARMASI,farmasi
Drug Formulation Manual,Pakar Raya,2004,Bandung,The Math Forum,FARMASI,referensi
Drug Interaction Facts (Fifth Edition),Diva Press,2017,Yogyakarta,Kuswanto Redy,FARMASI,textbook
Enkapsulasi Farmasetik (SFI-5),Kencana,2013,Jakarta,Muhammad Yaumi,FARMASI,manajemen & bisnis
Ensiklopedi Tanaman Obat Indonesia,Penerbit ITB,2010,Bandung,Agoes Goeswin,FARMASI,agama
Esensial Antibiotik,Politeknik Harapan Bersama Tegal,2017,Tegal,Setiawan AjiMohammad Humam M KomRamadhani  GaluhAris WinarsoS Kom,FARMASI,laporan kp
Etika Farmasi dalam Islam,Politeknik Harapan Bersama Tegal,2014,Jakarta,Brooks Leonard JDunn Paul,FARMASI,akuntansi
Membaca Metafora : antologi cerita pendek pelajar SLTA Kota Tegal,Elex Media Komputindo,2003,Jakarta,Chandra Ian K,FIKSI,komputer
Mencarimu,CV. Trans  Info Media,2010,Jakarta,Tamher Sayuti,FIKSI,kebidanan
Menemani Setiap Detik Rasa Sepi,Politeknik Harapan Bersama Tegal,2017,Tegal,Yerry Febrian S M KomSalsabila Nova Aulia,FIKSI,laporan kkl
Menjadi Ibu itu Seruu!!,Elex Media Komputindo,2004,Jakarta,Rafiudin Rahmat,FIKSI,komputer
My Princess,Andi,2009,Yogyakarta,PurwantoHeri,FIKSI,fiksi
"Negeri 5 menara  man jadda wajada""""",Elex Media Komputindo,2005,Jakarta,Alam M Agus J,FIKSI,informatika
Nembak itu seru !!,Diva Press,2007,Yogyakarta,Noer Anfika,FIKSI,textbook
"Notes to You : she loves him, he loves her not",Komunitas Sastrawan Tegalan,2019,Tegal,Setiawan Lanang,FIKSI,textbook
Painful Love,Politeknik Harapan Bersama Tegal,2017,Tegal,Albani Naufal HanifWahyudin Bakti NurRijaluddin Mohammad RizkiAstriyani Winda Komala,FIKSI,fiksi
Parfum Langit Ketujuh : antologi cerita pendek cerpenis Kota Tegal,Politeknik Harapan Bersama Tegal,2013,Tegal,Mulyadi,FIKSI,fiksi
Perempuan Cahaya,Politeknik Harapan Bersama Tegal,2018,Tegal,Maulana IrfanDavid Bani Adam SH MHM AdhityaM Rizal AzkyKhalimatussadiyah,FIKSI,teknik
"Java : teori, algoritma, dan aplikasi",Politeknik Harapan Bersama Tegal,2017,Tegal,Mughny MohamadFattah TajuddinM  Teguh Prihandoyo M KomNurohim S T M Kom,INFORMATIKA,informatika
Java 2 SE dengan JBuilder,Informatika bandung,2013,Bandung,R H Sianipar,INFORMATIKA,informatika
Java di Web,Andi,2013,Yogyakarta,Sianipar,INFORMATIKA,informatika
Java for Mobile Programming,Elex Media Komputindo,2003,Jakarta,Hartanto Aditya Antonius,INFORMATIKA,komputer
Java script untuk membangun website profesional,Andi,2012,Yogyakarta,Prabawati th Arie,INFORMATIKA,informatika
Java untuk Kriptografi,Informatika,2011,Bandung,Sidik Betha,INFORMATIKA,informatika
jQuery: belajar dari studi kasus,Media Kita,2008,Jakarta,Oneto ErimaSudarman  S,INFORMATIKA,informatika
Kecerdasan Buatan,EGC,2015,Jakarta,Medforth  Janet,INFORMATIKA,kebidanan
Kolaborasi Mantap PHP + Jquery dengan IBM DB2 & MySQL,Politeknik Harapan Bersama Tegal,2020,Tegal,Very Kurnia Bakti M KomArif Rakhman SE S Pd M  KomMohammad Rijal Arfani,INFORMATIKA,laporan pkm
Koleksi Program Tugas Akhir dan Skripsi dengan FoxPro 9,Gagas Media,2014,Jakarta,Dika Raditya,INFORMATIKA,informatika
Komputasi Kuantum : teknologi komputasi masa depan,Politeknik Harapan Bersama Tegal,2018,Tegal,Syarifudin STRatih Wulandari M MM Sapi'i,INFORMATIKA,laporan ta / kti
Asuhan Neonatus bayi dan anak balita edisi revisi,salemba Medika,2013,Jakarta,Dewi Vivian Nanny Lia,KEBIDANAN,kebidanan
Asuhan Patologi Kebidanan,TIM,2013,Jakarta,Rukiyah Ai YeyehYulianti Lia,KEBIDANAN,kebidanan
Asuhan Persalinan Normal,Nuha Medika,2009,Yogyakarta,SujiyatiniMufdlilahHidayat Asri,KEBIDANAN,perhotelan
Asuhan Persalinan Normal & Inisiasi Menyusu Dini,JNPK-KR/POGI,2004,Jakarta,IBI (Ikatan Bidan Indonesia),KEBIDANAN,prosiding
Asuhan Tumbuh Kembang Neonatus Bayi-Balita dan Anak Pra-Sekolah,Politeknik Harapan Bersama Tegal,2015,Tegal,Rohmawati Nur,KEBIDANAN,kebidanan
At a glance Hematologi,P.T Gelora Aksara Pratama,2006,Jakarta,Neal M J,KEBIDANAN,textbook
At a Glance Sistem Reproduksi,Erlangga,2009,Jakarta,Harwood Laurence MMcKendrick Jhon EWhitehead Roger C,KEBIDANAN,kebidanan
Atlas Anatomi Manusia Sobotta Jilid 1,Erlangga,2006,Jakarta,Heffner Linda JSchust Danny J,KEBIDANAN,akuntansi
Atlas Anatomi Manusia Sobotta Jilid 2,EGC,2000,Jakarta,Putz RPabst R,KEBIDANAN,kebidanan
Atlas berwarna & teks fisiologi Edisi 4,EGC,2000,Jakarta,Putz RPabst R,KEBIDANAN,kebidanan
Bahan Ajar Keterampilan Dasar Kebidanan,Spektrum Nusantara,2017,Yogyakarta,Prasetyo Anggun ResdasariRatnaningsih Ika ZenitaPrihatsanti Unika,KEBIDANAN,perhotelan
Diet Sehat Golongan Darah AB,Prestasi Pustaka,2007,Jakarta,Kotzman Anna C,KESEHATAN,kesehatan
Diet Sehat Penderita Asam Urat,Bhuana Ilmu Populer,2010,Jawa Tengah,D\'Adamo Peter J,KESEHATAN,farmasi
Ekonomi Kesehatan,Salemba Empat,2014,Jakarta,Effendi NurySetiawan Maman,KESEHATAN,akuntansi
English for Widwives,Trans Info Media,2009,Jakarta,Maryunani AnikPerwata Annie,KESEHATAN,kebidanan
Ensiklopedia Jus Buah dan Sayur untuk Penyembuhan,PT. Gramedia,2005,Jakarta,Nugroho Amien,KESEHATAN,farmasi
Ensiklopedia Tanaman Obat Indonesia: 101 Tumbuhan Obat Menakjubkan untuk Kesembuhan dan Kebugaran Optimal,Pelangi Mizan,2015,Bandung,Afzalur Rahman,KESEHATAN,agama
Etika & hukum kesehatan,Politeknik Harapan Bersama Tegal,2015,Tegal,Nurhalimah,KESEHATAN,laporan kp
Etika Profesi Tenaga Kesehatan,Pustaka Rihama,2010,Yogyakarta,YantiEko Nurul W,KESEHATAN,kebidanan
Fisika Kedokteran,Andi,2010,Yogyakarta,Priyambodo Tri KuntoroJati Bambang Murdaka Eka,KESEHATAN,teknik
Fisika Kesehatan,Erlangga,1985,Jakarta,Halliday DavidResnick Robert,KESEHATAN,teknik
Fisika Untuk Mahasiswa Kesehatan,Mitra Cendikia,2009,Jakarta,Hani Ahmadi Ruslan,KESEHATAN,kebidanan
Algoritma dan Struktur Data dengan C#,Andi,2009,Yogyakarta,Nugroho Adi,KOMPUTER,informatika
Algoritma Genetika : metode komputasi evolusioner untuk menyelesaikan masalah optimasi,Andi,2014,Yogyakarta,Zukhri Zainudin,KOMPUTER,elektronika
Algoritma Pemrograman,Andi,2006,Yogyakarta,Suarga,KOMPUTER,informatika
Algoritma Pemrograman menggunakan C++,Elex Media Komputindo,2005,Jakarta,Kadir AbdulHeriyanto,KOMPUTER,informatika
"AlgoritmaÂ &Â PemrogramanÂ dalam Bahasa Pascal, C & C ++ Edisi Keenam",Informatika,2016,Bandung,Munir RinaldiLidya Leony,KOMPUTER,komputer
Aljabar Linier Dasar,Andi,2009,New York,Santosa R Gunawan,KOMPUTER,teknik
Analisa Data Profesional dengan Excel 2010,Politeknik Harapan Bersama Tegal,2018,Tegal,Miftakhul Huda M KomRohmani Imam,KOMPUTER,prosiding
Analisa Desain & pemrograman Berorientasi obyek dg UML dan VB.NET,Politeknik Harapan Bersama Tegal,2016,Tegal,Fauzi Al,KOMPUTER,komputer
Analisa Kebutuhan Dalam Rekayasa Perangkat Lunak,Politeknik Harapan Bersama Tegal,2015,Tegal,Aditiya Y S Ikaf,KOMPUTER,laporan ta / kti
Analisis & Desai Aplikasi Multimedia untuk Pemasaran,Bumi Aksara,2012,Jakarta,Cahyadi Wisnu,KOMPUTER,mesin
Analisis & desain : sistem informasi pendekatan terstruktur teori dan praktik aplikasi bisnis,Andi,2009,Yogyakarta,Suyanto M,KOMPUTER,informatika
Laporan Kuliah Kerja Lapangan Oracle Indonesia (KKL),Politeknik Harapan Bersama Tegal,2017,Tegal,Eko Budihartono ST M KomWijaya Hendra Rahmat,Laporan KKL,laporan kkl
Laporan Kuliah Kerja Lapangan Pada Blanja.com ( e-commerce blanja.com ) (KKL),Politeknik Harapan Bersama Tegal,2016,Tegal,Prasetyo Daniel Eka,Laporan KKL,laporan kkl
Laporan Kuliah Kerja Lapangan Pada Blanja.com (KKL),"LP3M (Lembaga Peneitian, Publikasi , dan Pengabdian Masyarakat)",2018,Yogyakarta,DR  Bambang Jatmiko S E  M Si ,Laporan KKL,laporan kkl
Laporan Kuliah Kerja Lapangan pada Bursa Efek Indonesia (KKL),UGM Press,2009,Yogyakarta,Rahardjo Budi,Laporan KKL,laporan kkl
Laporan Kuliah Kerja Lapangan Pada Icon Plus (PT. Indonesia Comnet Plus) (KKL),Politeknik Harapan Bersama Tegal,2017,Tegal,Priadi AjiPrasetya Putra Nugraha M Pd,Laporan KKL,laporan kkl
Laporan Kuliah Kerja Lapangan Pada ID-SIRTII/CC (KKL),Politeknik Harapan Bersama Tegal,2017,Tegal,Gusti Nindi PrimaAgustinanda ArdiansyahRiadi PascarYuniardhi N RendiPrasetyo Alif,Laporan KKL,laporan kkl
Laporan Kuliah Kerja Lapangan Pada Jakarta Smart City (KKL),Politeknik Harapan Bersama Tegal,2017,Tegal,Maulana Yuniar FajarKomansyah ArifKurniawan TriFurqoni Edy AkbarRahman Nur Fathur,Laporan KKL,laporan kkl
Laporan Kuliah Kerja Lapangan pada Kementerian Komunikasi dan Informatika (KKL),Politeknik Harapan Bersama Tegal,2017,Tegal,Kurniawan TriRahman Nur FathurFajari AkhmadGhofur M Abdul,Laporan KKL,laporan kkl
Laporan Kuliah Kerja Lapangan pada PT. Bursa Efek Indonesia (KKL),Politeknik Harapan Bersama Tegal,2016,Tegal,Musyaffa EkkyBudiarto Revo AgusArtha Patuh BudiTriyono Amar,Laporan KKL,laporan kkl
Laporan Kuliah Kerja Lapangan pada PT. Oracle Indonesia (KKL),Politeknik Harapan Bersama Tegal,2018,Tegal,Ruchmanah Muhammad AdiMahmud AminDarmawan BudiInsani Arizqi ArifulRega P AzmiSatria R Jonathan,Laporan KKL,laporan kkl
Laporan Kuliah Kerja Lapangan Pada PT.Indosat (KKL),Politeknik Harapan Bersama Tegal,2017,Tegal,Martatilova Rico AgnisSafitri Elma UlfiaMukharomah In'amMelian LennySari Widya Retno,Laporan KKL,laporan kkl
Website profil MAN Brebes (KP),Politeknik Harapan Bersama Tegal,2013,Tegal,Khasanah Uswatun,Laporan KP,laporan kp
Website Profil MI Mafatihul Huda Dukuhrantan (KP),Politeknik Harapan Bersama Tegal,2013,"Sebastopol, CA",Hestuti Emy Puji,Laporan KP,laporan kp
Website Profil MTs Al-Islamiyah Danawarih (KP),Politeknik Harapan Bersama Tegal,2015,Tegal,Darsiti,Laporan KP,laporan kp
Website profil MTs Ma'arif NU Sigedong kecamatan bumijawa (KP),Politeknik Harapan Bersama Tegal,2014,Tegal,Rosita Yeni,Laporan KP,laporan kp
Website Profil MTs Negeri Lebaksiu (KP),Politeknik Harapan Bersama Tegal,2014,Tegal,Pratama Ryan Gita,Laporan KP,laporan kp
Website profil mts.nu wahid hasyim talang kabupaten tegal (KP),Politeknik Harapan Bersama Tegal,2015,Tegal,Maghfurlah,Laporan KP,laporan kp
Website Profil My Property Jakarta (KP),Politeknik Harapan Bersama Tegal,2015,Tegal,Sidik Moh Sapfan,Laporan KP,laporan kp
Website Profil Pada Puskesmas Klikiran Kabupaten Brebes (KP),Politeknik Harapan Bersama Tegal,2013,Tegal,Kurniawan Riyan Hadi,Laporan KP,laporan kp
Website Profil Pada SMP Negeri 3 Adiwerna (KP),Politeknik Harapan Bersama Tegal,2015,Tegal,Muzamil Aghni,Laporan KP,laporan kp
"Website Profil pada Toko Kacamata  Senter Optik"" (KP)""",Politeknik Harapan Bersama Tegal,2014,Tegal,Fitriyah Laelatul,Laporan KP,laporan kp
Website Profil PD.BPR BKK Banjarharjo Menggunakan Macromedia Dreamweaver 8 (KP),Politeknik Harapan Bersama Tegal,2015,Tegal,Ismaturroyyan Yeyen,Laporan KP,laporan kp
Pengelolaan Dana Desa Dalam Perspektif Democratic Governance (Studi Kasus Desa Tlagasana Kecamatan Watukumpul Kabupaten Pemalang) (laporan penelitian),Politeknik Harapan Bersama Tegal,2019,Tegal,Wildani Eko Nugroho M KomAulia SriMayningsih Ulfi,LAPORAN PENELITIAN DOSEN,laporan pkm
Pengembangan Deteksi Suhu Dan Kelembaban Laboratorium Elektronika Dengan Menggunakan Metode Fuzzy Logic (Laporan Penelitian),Politeknik Harapan Bersama Tegal,2015,Tegal,Ramadhani Ferry Candra,LAPORAN PENELITIAN DOSEN,elektronika
Pengembangan SIKAPTA (Sistem Informasi Kerja Praktek dan Pelaporan Tugas Akhir) Guna Meningkatkan Efektivitas Basis Data Hasil Tugas Akhir Mahasiswa (Laporan penelitian),Politeknik Harapan Bersama Tegal,2020,Tegal,Adi Candra Kusuma M PdSafitri Tyas Almira WidjiAdelia Dwi IsnaJimmy Wijaya Sabara STBaihaqi M  Noval,LAPORAN PENELITIAN DOSEN,laporan penelitian dosen
Pengendalian Internal Terhadap Pencegahan Fraud Pada Bisnis Online (Laporan Penelitian),Politeknik Harapan Bersama Tegal,2015,Tegal,Savietri Ayu,LAPORAN PENELITIAN DOSEN,laporan penelitian dosen
Peningkatan Kemampuan Komunikasi Matematis Mahasiswa DIII Teknik Mesin Dengan Metode Think Pair Share (laporan penelitian),Politeknik Harapan Bersama Tegal,2017,Tegal,Drs  Karta AptSusanti ElyRosalia Ika P MSc Apt,LAPORAN PENELITIAN DOSEN,laporan penelitian dosen
Peran Ekonomi Digital Melalui Teknologi E-Commerce dalam Meningkatkan Pendapatan UMKM di Tegal (laporan penelitian),Erlangga,2012,Jakarta,Tobing Bonggas L ,LAPORAN PENELITIAN DOSEN,prosiding
Perancangan Aplikasi Pencatatan Bisnis  Berbasis Android Untuk Umkm (Laporan Penelitian),Politeknik Harapan Bersama Tegal,2019,Tegal,MustaghfirohHariyanto S KomUlil Albab M T,LAPORAN PENELITIAN DOSEN,laporan pkm
Perbandingan Efektivitas Antibiotik Pada Pasien Pediatri Diare di Instalasi Rawat Inap RSIU Mutiara Bunda (Laporan Penelitian),Politeknik Harapan Bersama Tegal,2015,Tegal,Ristiayani Eni,LAPORAN PENELITIAN DOSEN,laporan penelitian dosen
Perbedaan Perilaku Penerapan Protokol Kesehatan Pada Ibu Menyusui Yang Sudah Divaksinasi Dan Belum Divaksinasi Covid-19 Di Wilayah Kecamatan Margadana Tegal (Laporan Penelitian),Politeknik Harapan bersama,2021,Tegal,Joko Santoso M FarmWilda Amananti S Pd  M SiEva Diatri Atiningsih,LAPORAN PENELITIAN DOSEN,laporan penelitian dosen
Persepsi Pengguna Aplikasi Pencatatan Keuangan Berbasis Android Pada Umkm Di Kota Tegal (Laporan Penelitian),Politeknik Harapan Bersama Tegal,2013,Tegal,Shodiq Muhammad Fajrus,LAPORAN PENELITIAN DOSEN,laporan penelitian dosen
Persepsi UMKM di Kota Tegal Terhadap Kesiapan Menuju Digitalisasi UMKM di Era New Normal (laporan penelitian),Diva Press,2017,Yogyakarta,Zamzam Adi,LAPORAN PENELITIAN DOSEN,laporan pkm
Peningkatan Pengetahuan  Tentang Pembuatan Mouthwash Dari Daun Turi Sebagai Antifungi Pada Siswa SMAIbm (Iptek Bagi Masyarakat),Politeknik Harapan Bersama Tegal,2020,Tegal,Dewi Andri AniDr  Agus Susanto S Th M IkomHeni Purwantiningrum M  Farm Apt Meyliana Perwita Sari S Farm M Sc Apt,LAPORAN PKM,laporan pkm
Peningkatan Pengetahuan Dan  Ketrampilan Tentang Pembuatan Pastry Dalam Masa Pandemi Pada Ibu-Ibu Dharma Wanita Kabupaten Tegal Ibm : Ipteks Bagi Masyarakat,Politeknik Harapan Bersama Tegal,2020,Tegal,Umi Baroroh S SiT M  KesUmriaty S ST  M KesNovia Ludha Arisanti S STSelvia Febriana,LAPORAN PKM,laporan pkm
Peningkatan Pengetahuan Dan Keterampilan Ibu Pkk Kelurahan Muara Reja Kota Tegal: Edukasi Dan Pelatihan Pembuatan Stik Duri Ikan (LAPORAN PKM),Politeknik Harapan Bersama Tegal,2020,Tegal,Amin Nur Akhmadi MTMukhamad Khumaidi Usman ST M  EngMoh Agus Setiawan,LAPORAN PKM,laporan ta / kti
Peningkatan Pengetahuan Dan Ketrampilan Pengelolaan Keuangan Bumdes Berbasis Gsuite Di Desa Kepunduhan,Politeknik Harapan bersama,2020,Tegal,Amin Nur Akhmadi M TMoh  Agus SetiawanMuhammad Khumaidi Usman M EngMukisto,LAPORAN PKM,laporan ta / kti
Peningkatan Pengetahuan Masyarakat Tentang Pemakaian Masker Dan Penerapan Protokol Kesehatan Di Era New Normal Masa Pandemi Sebagai Upaya Pencegahan Penyebaran Covid 19 Di Kota Tegal,Politeknik Harapan Bersama Tegal,2020,Tegal,Ratih Sakti Prastiwi S ST MPHIroma Maulida SKM M EpidIntan Cristy Mayasari Rizqi Amd Keb,LAPORAN PKM,laporan pkm
Peningkatan Pengetahuan Orang Tua Tentang Gizi Seimbang Untuk Anak Prasekolah Dimasa Pandemi Di Mi Bina Amanah Kabupaten Tegal (LAPORAN PKM),Politeknik Harapan Bersama Tegal,2020,Tegal,Kusnadi M PdInur Tivani S Si M PdWilda Amananti S Pd M SiDinda SwandayaniDwi Ayu RizkaDera Oktaviani,LAPORAN PKM,laporan pkm
Peningkatan Pengetahuan Tentang Aplikasi Penggunaan Referensi Dalam Publikasi Karya Ilmiah (LAPORAN PKM),Politeknik Harapan bersama,2020,Tegal,Puput Dewi Anggraeni S ST Par  M  ParDidik Vurgiawan S Kom M M ParAri GunawanAji Bayu PangestuLaurensiaRafika Apriliani,LAPORAN PKM,laporan pkm
Peningkatan Pengetahuan Tentang Kesiapan Mental Pada Ibu Hamil Menghadapi Persalinan Saat Pandemi Covid 19 Di Posyandu Debong Lor Kota Tegal Ibm (Iptek Bagi Masyarakat),Politeknik Harapan Bersama Tegal,2020,Tegal,Aldi Budi Riyanta S  Si MTHeru Nurcahyo S Farm M FarmApt Joko Santoso M FarmTrisetya Praninda,LAPORAN PKM,laporan pkm
Peningkatan Pengetahuan Tentang Metode Bermain Aktif Pada Kelompok Guru Untuk Meningkatkan Perkembangan Anak Di Tk Miftahul Ulum Kabupaten Tegal (LAPORAN PKM),Politeknik Harapan bersama,2020,Tegal,Ita Purnama DewiM Sofyan Firmansyah M ASadiva Kayla TasyaDwi Nur KomalasariMohammad AlfianS E M Si,LAPORAN PKM,laporan pkm
Peningkatan Pengetahuan Tentang Pembuatan Handwash  Daun Turi Pada Siswa Smk Bina Nusa Slawi (LAPORAN PKM),Politeknik Harapan Bersama Tegal,2020,Tegal,Fitri Amaliyah S EHesti Widianti S E  M SiAndri Widianto S E M SiMuhammad FatkhuroziMuhammad Mulki Aulia Alhaq,LAPORAN PKM,laporan pkm
Peningkatan Public Speaking Bagi Siswa Smk Bina Nusa Slawi (LAPORAN PKM),Politeknik Harapan Bersama Tegal,2020,Tegal,Dairoh M ScSharfina Febbi Handayani M  KomRiszki Wijayatun Pratiwi S Kom  M CsVery Kurnia Bakti M Kom Susi Nurindah sari Susi Nurindah sari,LAPORAN PKM,laporan pkm
Hubungan Pengetahuan Dan Perilaku Konsumsi Tablet Tambah Darah Ibu Hamil Terhadap Kejadian Anemia Di Puskesmas Dukuhwaru (TA),Politeknik Harapan Bersama Tegal,2019,Tegal,Sani Susilo Kartika,Laporan TA/KTI,laporan ta / kti
"Hubungan Pengetahuan Ibu Hamil Tentang 3M (Mencuci Tangan, Memakai Masker, Menjaga Jarak) Terhadap Perilaku 3M Di Puskesmas Dukuhwaru Kabupaten Tegal (TA)",PolieknikHarapan Bersama Tegal,2016,Tegal,Ningrum Rapita Setia,Laporan TA/KTI,laporan ta / kti
Hubungan Tingkat Pengetahuan Kesehatan Reproduksi Remaja Terhadap Sikap Seksual Pranikah Pada Remaja Ipnu & Ippnu ( Ikatan Pelajar Nahdlatul'Ulama & Ikatan Pelajar Puteri Nahdlatul'Ulama ) Di Kecamatan Tegal Barat Tahun 2021 (TA),Politeknik Harapan Bersama Tegal,2018,Tegal,Rosaria Ika Pratiwi M Sc AptWilda Amananti S Pd M SiAmrina Nur Atiana,Laporan TA/KTI,laporan ta / kti
"Karakteristik Besi Plat St 37 Lebar 2,5 Cm Setelah Di Puntir Pada Mesin Pemuntir Besi (TA)",Politeknik Harapan Bersama Tegal,2013,Tegal,Mulyani Ani,Laporan TA/KTI,laporan ta / kti
Mesin Pemotong Rumput Menggunakan Remote Control (TA),Politeknik Harapan Bersama Tegal,2017,Tegal,Asikin OzyFauzi Koko RiskiMuchsinin Achmad TajriWicaksana JakaMiftakhul Huda M KomEko Budihartono S T M Kom,Laporan TA/KTI,laporan ta / kti
Mikrostruktur Besi Plat St 37 Lebar 3 Cm Setelah Dipuntir Pada Mesin Pemuntir Besi (TA),Informatika,2011,Bandung,Rangkuti Syahban,Laporan TA/KTI,laporan ta / kti
Pembuatan Alat Peraga Elektro Pneumatik Sebagai Media Pembelajaran (TA),Politeknik Harapan Bersama Tegal,2018,Tegal,Anggy Rima Putri M Farm AptMeliyana Perwita Sari M Farm AptLestari Tri Puji,Laporan TA/KTI,textbook
Pembuatan Conveyor Mesin Pemanen Padi Simple Harvester (TA),Politeknik Harapan Bersama Tegal,2014,Tegal,Afianto Khuzaeni Rizqi,Laporan TA/KTI,laporan ta / kti
Pembuatan Kerangka Mesin Pemanen Padi Simple Harvester  (TA),Politeknik Harapan Bersama Tegal,2019,Tegal,Lutfiansyah MuhammadRosyid Mustafa M KomM  Fikri Hidayatullah M Kom,Laporan TA/KTI,laporan ta / kti
Pembuatan Mata Pisau Pada Mesin Pencacah Plastik Menggunakan Baja Aisi 1020 (TA),Politeknik Harapan Bersama Tegal,2018,Tegal,Atmo Gayuh L S S STHamzah Fauzan Nur,Laporan TA/KTI,laporan ta / kti
Pembuatan Mesin Cuci Tangan Otomatis  Berbasis Sensor Photoelektrik (TA),Politeknik Harapan Bersama Tegal,2020,Tegal,Adi Candra Kusuma M PdKoto Aga Abdul Rahman,Laporan TA/KTI,laporan ta / kti
Business economics and managerial decision making,McGraw Hill,2012,New York,Nickels William GMcHugh James MMcHugh Susan M,MANAJEMEN &  BISNIS,manajemen & bisnis
Business plan,Kencana,2018,Jakarta,Nugroho J  Setiadi,MANAJEMEN &  BISNIS,manajemen & bisnis
Business process management - konsep dan implementasi,Kencana,2008,Jakarta,Setiadi Nugroho J ,MANAJEMEN &  BISNIS,manajemen & bisnis
Change management,TIM,2012,Jakarta,Limakrisna NandanSusilo Wilhelmus Harry,MANAJEMEN &  BISNIS,manajemen & bisnis
Corporate strategy: konsep dan praktik,Andi,2011,Yogyakarta,Agustina Maria,MANAJEMEN &  BISNIS,manajemen & bisnis
Culturepreneurship,Politeknik Harapan Bersama Tegal,2018,Tegal,Arfan Haqiqi Sulasmoro M KomRizki Muhamad Faizal,MANAJEMEN &  BISNIS,manajemen & bisnis
"Dasar - dasar manajemen - teori, definisi dan konsep",C.V Andi Offset,2011,Yogyakarta,Tungga BK,MANAJEMEN &  BISNIS,manajemen & bisnis
Manajemen bandwith dengan simpleQueue untuk melimit bendwith dan dhcp server untuk mempermudah komunikasi data antar komputer di notaris Fitriyani nuggroho,Gadjah Mada UnivesityPress,2016,Yogyakarta,SatibiRokhman M  RifqiAditama Hardika,MANAJEMEN &  BISNIS,manajemen & bisnis
Manajemen pemasaran,Gosyen Publishing,2013,Yogyakarta,Febriawati Henni,MANAJEMEN &  BISNIS,manajemen & bisnis
Manajemen pengadaan procurement management ABG (Academic Business Government),Politeknik Harapan Bersama Tegal,2015,Tegal,Lestari Santi,MANAJEMEN &  BISNIS,manajemen & bisnis
Manajemen risiko,Elex Media Komputindo,2003,Jakarta,Widyanahar Nur Ali,MANAJEMEN &  BISNIS,manajemen & bisnis
Reliability Centred Maintenance,Andi,2010,Yogyakarta,Pressman Roger S ,MESIN,elektronika
Reparasi Mesin Mobil,Politeknik Harapan Bersama Tegal,2012,Tegal,Sutanto Achmad,MESIN,mesin
Reparasi Sistem Pelumasan Mesin Mobil,Bumi Aksara,2015,Jakarta,Ibrahim H Bachtiar,MESIN,mesin
Reparasi Sistem Pendinginan Mesin Mobil,Elex Media Komputindo,2006,Jakarta,Darmawan Djoko,MESIN,mesin
Servis dan Reparasi Auto Mobil,ITB Bandung,2007,Bandung,Agoes Goeswin,MESIN,mesin
Servis dan Teknik Reparasi Sepeda Motor,Penerbit ITB,2008,Bandung,Agoes Goeswin,MESIN,mesin
Simbol dan Rangkaian Kelistrikan Mobil,Politeknik Harapan Bersama Tegal,2013,Tegal,Ayunani Vita,MESIN,mesin
Sistem Bahan Bakar Bensin dan Disel,Politeknik Harapan Bersama Tegal,2013,Tegal,Budi S a Nursalim,MESIN,mesin
Sistem dan Sumber Kelistrikan Otomotif,Andi,2014,Yogyakarta,Nugroho Adi,MESIN,informatika
Sistem Pengapian Mobil,Politeknik Harapan Bersama Tegal,2018,Tegal,Much  Sobri Sungkar M KomMuh  Nana Aviciena S PdApriliyanto Widodo,MESIN,manajemen & bisnis
Sistem Rem dan Komponen-komponennya,Politeknik Harapan Bersama Tegal,2019,Tegal,Fitriani AmaliaIman Rizky KhaerulAditya IndraVery Kurnia Bakti M  KomJimmy Wijaya Sabara ST,MESIN,laporan ta / kti
25 paket Snack Box & Coffee Break harga 15ribu (Usaha Rumahan Mudah & Murah Dilengkapi perhitungan harga jual),PT. Gramedia Pustaka Utama,2017,Jakarta,Erwin Kuditawati,PERHOTELAN,perhotelan
Analisis Food Product : studi food cost dan pedoman training,Politeknik Harapan bersama,2021,Tegal,apt  Rizki Febriyanti M FarmWilda Amananti S Pd  M SiTarpiah,PERHOTELAN,perhotelan
Dasar-Dasar Food Product Panduan Untuk Uji Kompetensi,Nuha Medika,2017,Jakarta,Ayu Putri Ariani,PERHOTELAN,perhotelan
Dasar-Dasar Kantor Depan Hotel,Nuha Medika,2017,Jakarta,Hermayudi,PERHOTELAN,perhotelan
Food & Beverage Service Operational : job preparation,Politeknik Harapan Bersama Tegal,2017,Tegal,Rizal Nur Ependi S KomMaylana Boni Abdillah MTTarom,PERHOTELAN,perhotelan
Food Product Management di Hotel dan Restoran,McGraw Hill,2010,New York,Kapoor Jack R Dlabay Ley R Hughes Robert J,PERHOTELAN,perhotelan
Front Office Praktis : administrasi dan prosedur kerja,Politeknik Harapan Bersama Tegal,2019,Tegal,Ginanjar Wiro Sasmito M KomWibowo Novianto AriefM  Fikri Hidayatullah M Kom,PERHOTELAN,perhotelan
Hotel Communication Management,Penebar Plus,2011,Jakarta,Wong M FerryRusdiansari Erina,PERHOTELAN,perhotelan
Housekeeping Passport : manajemen operasional housekeeping dasar,EGC,2011,Jakarta,Kusmohartono juliarti dwi,PERHOTELAN,perhotelan
Jajanan Jakarta (Seri masak femina PRIMARASA Hidangan Nusantara Populer),Politeknik Harapan Bersama Tegal,2019,Tegal,Dega Surono Wibowo ST M KomKurniasari Murni,PERHOTELAN,perhotelan
Jajanan Medan ( Seri masak Femina PRIMARASA Hidangan Nusantara Populer),Informatika,2006,Bandung,Shalahuddin MRosa,PERHOTELAN,perhotelan
CONFERENCE PROGRAM Asian Academic Accounting Association: 16th Annual Conference (Prosiding),McGraw Hill,2013,New York,O'Leary Timothy J O'Leary Linda I,PROSIDING,prosiding
ISPHE Proceedings Book 2 (PROSIDING),Politeknik Harapan Bersama Tegal,2012,Tegal,Prasetyo Wido,PROSIDING,prosiding
"Proceeding Book Simposium dan Workshop Nasional Pengembangan Pendidikan & Pelayanan Kebidanan Indonesia : Penguatan profesi Bidan Melalui Optimalisasi Sistem Pendidikan dan Pengembangan Pelayanan Kebidanan"" (PROSIDING)""",Bumi Aksara,2013,Jakarta,Terry George R ,PROSIDING,prosiding
"Proceeding Book Simposium dan Workshop Nasional Pengembangan Pendidikan dan Pelayanan Kebidanan Indonesia : Membangun karakter Dosen Kebidanan Demi Tercapainya Lulusan Bidan Profesional, Komunikatif dan Berakhlak"" (PROSIDING)""",Suluh Media,2018,Jakarta,H R  Mulyanto,PROSIDING,prosiding
"Proceeding Book Simposium dan Workshop nasional Pengembangan Pendidikan dan Pelayanan Kebidanan Indonesia 1 : Penguatan Profesi Bidan Melalui Optimalisasi Sistem Pendidikan dan Pengembangan Pelayanan Kebidananan"" (PROSIDING)""",Erlangga,2011,Jakarta,Hurst Ken,PROSIDING,prosiding
Proceeding Book The 47th Asia Pasific Academic Consortium for Public health Conference (PROSIDING),Airlangga University Press,1998,Surabaya,SiswandonoSoekardjo Bambang,PROSIDING,prosiding
"Prosiding 2nd SENIT (Seminar Nasional IPTEK Terapan) 2017 : Sinergitas Lembaga Pendidikan dan Inovasi IPTEK Terapan dalam Meningkatkan Publikasi Ilmiah untuk Membangun Jiwa Technopreneur Berbasis Pendidikan Vokasi"" (PROSIDING)""",Politeknik Harapan Bersama Tegal,2018,Tegal,Ratih Wulandari M MWijatmiko PanjiEko Supriyanto ST,PROSIDING,prosiding
"Prosiding 4th ICIBA (International Conference on Information Technology and Engineering Application) : IT & Engineering For a Better Life"" (PROSIDING)""",Politeknik Harapan Bersama Tegal,2020,Tegal,Heri Budi Susilo S KomNaufal Sandika,PROSIDING,prosiding
"Prosiding PIT (Pertemuan Ilmiah Tahunan) Bidan 1 Bagian I : Sub Kegiatan Naskah Penelitian Poster dan Oral Presentasi"" (PROSIDING)""",Politeknik Harapan Bersama Tegal,2017,Tegal,Miftakhul Huda M KomSari Fatma Finta,PROSIDING,prosiding
"Prosiding PIT (Pertemuan Ilmiah Tahunan) Bidan 1 Bagian II : Paparan Narasumber Bidang Kebijakan, Pendidikan dan Organisasi"" (PROSIDING)""",Politeknik Harapan Bersama Tegal,2020,Tegal,Heri Budi Susilo S KomNagar K Sintia,PROSIDING,prosiding
"Prosiding PIT (Pertemuan Ilmiah Tahunan) Bidan 1 Bagian III : Paparan Narasumber Bidang Pelayanan"" (PROSIDING)""",Politeknik Harapan Bersama Tegal,2020,Tegal,Eko Budihartono ST M KomPamuji Ray Hananda,PROSIDING,prosiding
Penerapan File Sharing Linux Ubuntu 12.04 Dengan Windows Menggunakan Konfigurasi Samba Server Di Tri Laptop (TA),Politeknik Harapan Bersama Tegal,2016,Tegal,Alfiyah Nofi,REFERENSI,referensi
Penerapan Sistem Pakar Untuk Diagnosis Awal Penyakit Hepatitis Menggunakan Metode Forward Chaining Dan Certainty Factor,Politeknik Harapan Bersama Tegal,2017,Tegal,Permadi Sandi Bagus,REFERENSI,referensi
Pengaruh Disiplin Dan Semangat Kerja Terhadap Produktivitas Kerja Karyawan Pada Toko Emas Hidup Banjaran (TA),Apress,2013,"Sebastopol, CA",Laeli Siti NUr,REFERENSI,referensi
Rancang Bangun Sistem Informasi Bengkel Motor Berbasis Website (Studi Kasus: Bengkel Slamet Motor) (TA),Politeknik Harapan Bersama Tegal,2021,Tegal,Rais S Pd M komSyamsul Falah AnnurHepatika Zidny Ilmadina S Pd M Kom,REFERENSI,referensi
Rancang Bangun Sistem keamanan dan monitoring ruangan Laboratorium Yang Terintegrasi Dengan Web (TA),Politeknik Harapan Bersama Tegal,2018,Tegal,Rahman Nur FathurGinanjar Wiro Sasmito M KomM Yoka Fathoni M Kom,REFERENSI,referensi
Sistem Kontrol Tirai Ruang Pemeriksaan Di Klinik Medical Tegal (TA),Politeknik Harapan Bersama Tegal,2017,Tegal,Setyowati AriniLatief FaizalFaqih FataRoziqin RaafiRais S Pd M komIrawan Pudja Hardjana ST,REFERENSI,referensi
Undang-Undang Nomor 14 Tahun 2008 tentang Keterbukaan Informasi Publik,Politeknik Harapan Bersama Tegal,2021,Tegal,Amin Nur Akhmadi M TM  Wawan Junaidi U M EngPandu Aji Sasongko,REFERENSI,referensi
Varian Makanan Jepang (SERI MASAK femina PRIMARASA),Politeknik Harapan Bersama Tegal,2018,Tegal,Taufiq Abidin S Pd M KomRopii Ahmad,REFERENSI,referensi
Buku undang-undang ketenagakerjaan Republik Indonesia,EGC,1997,Jakarta,Bates Barbara,REFERENSI,referensi
Hukum dan undang-undang perkebunan,Politeknik Harapan Bersama Tegal,2015,Tegal,Sakinah Azmi Nur Meilani,REFERENSI,referensi
Kamus populer istilah kimia,Andi,2019,Yogyakarta,Abdullah Adnan,REFERENSI,referensi
Menggunakan Alat Ukur,Politeknik Harapan Bersama Tegal,2019,Tegal,David Bani Adam SH MHPujiati Eka,TEKNIK,teknik
Prinsip-prinsip Perancangan Teknik,salemba Medika,2004,Jakarta,Malvino Albert Paul,TEKNIK,teknik
Rancang Bangun 3 Dimensi dengan AutoCAD,Penebar Swadaya,2001,Jakarta,Dalimartha SetiawanWijayakusuma M Hembing,TEKNIK,teknik
Teknologi tepat guna & dunia alternatif,Alfabeta,2013,Bandung,Afrianti Leni Herliani,TEKNIK,teknik
Trigonometri: Mengupas konsep dasar dan pembelajaran,Universitas Indonesia,2010,Jakarta,Kadir Abdul,TEKNIK,teknik
Bacteriophage (Fage) sebagai biokontrol alami mikrobia pada pangan dan lingkungan,Politeknik Harapan Bersama Tegal,2017,Tegal,Darmawan Budi,TEKNIK,teknik
Bioproses limbah pertanian,Graha Ilmu,2007,Yogyakarta,SumadiMarianti Aditya,TEKNIK,teknik
Hidrologi,Tiga Serangkai,2013,Solo,Alkastani Rohmat Nurhadi,TEKNIK,teknik
Ilmu dan teknologi biomaterial,Rineka Cipta,2004,Jakarta,Prasetya Joko Tri,TEKNIK,teknik
Penegakan hukum lingkungan,Bumi Aksara,2020,Jakarta,Mursidin,TEKNIK,teknik
Pintar membuat kompos dari sampah rumah tangga dan limbah pertanian/peternakan,Andi,2010,Yogyakarta,Sakur Stendy B,TEKNIK,teknik
Human Development,Harapan Offset,1982,Bandung,Soepomo Iman,UMUM,manajemen & bisnis
Ilmu Alamiah Dasar,EGC,2019,Jakarta,Allen Jr Loyd V,UMUM,kebidanan
Ilmu Budaya Dasar,Kencana,2008,Jakarta,Thoha Miftah,UMUM,manajemen & bisnis
Ilmu Budaya Dasar Suatu Pengantar,Raja Grafindo Persada,2019,Jakarta,Maskoeri,UMUM,umum
Ilmu dan teknologi benih 1,Yayasan Bina Pustaka Sarwono Prawirohardjo,2005,Jakarta,Wiknjosastro Hanifah,UMUM,kebidanan
"Ilmu Informasi, Komunikasi, dan Kepustakaan Edisi Kedua",Rineka Cipta,2010,Jakarta,Kartasapoetra GMarsetyo,UMUM,akuntansi
Ilmu Komunikasi,salemba Medika,2009,Jakarta,Mubarak Wahid IqbalChayatin Nurul,UMUM,kebidanan
Ilmu Komunikasi Pengantar Studi,Cipta Rineka,2003,Jakarta,Notoatmodjo Soekidjo,UMUM,umum
Ilmu Komunikasi Suatu Pengantar,salemba Medika,2012,Jakarta,Mubarak Wahit Iqbal,UMUM,umum
Ilmu Prilaku M.A 104,D-Medika,2012,Yogyakarta,Widodo Hendra,UMUM,farmasi
Ilmu Sosial Dasar,Tim Penggerak Pembinaan Kesejahteraan Keluarga (PKK) Propinsi Dati I Jawa Barat,2010,Jakarta,Rab Tabrani,UMUM,farmasi
